,papel,nome_comercial
0,AALR3,ALLIAR
1,ABCB3,ABC Brasil
2,ABCB4,ABC Brasil
3,ABEV3,AMBEV S/A
4,ABRE3,SOMOS EDUCA
5,ABYA3,ABYARA
6,ACES3,ARCELORMITTAL INOX BRASIL
7,ACES4,ARCELORMITTAL INOX BRASIL
8,ADHM3,ADVANCED-DH
9,AEDU11,ANHANGUERA EDUCACIONAL PARTICIPAÇÕES SA
10,AEDU3,ANHANGUERA EDUCACIONAL PARTICIPAÇÕES SA
11,AELP3,AES ELPA
12,AERI3,AERIS
13,AESB3,AES BRASIL
14,AESL3,AES SUL DISTRIB. GAÚCHA DE ENERGIA S.A.
15,AESL4,AES SUL DISTRIB. GAÚCHA DE ENERGIA S.A.
16,AFLT3,AFLUENTE T
17,AFLU3,AFLUENTE
18,AFLU5,AFLUENTE
19,AGEI3,AGRE EMP IMOB
20,AGEN33,Agrenco
21,AGIN3,Agra Incorp
22,AGRO3,BRASILAGRO
23,AGXY3,AGROGALAXY
24,AHEB3,PARQUE ANHEMBI
25,AHEB5,PARQUE ANHEMBI
26,AHEB6,PARQUE ANHEMBI
27,ALBA3,DANA-ALBARUS S/A INDÚSTRIA E COMÉRCIO
28,ALLD3,ALLIED
29,ALLL11,RUMO S.A.
30,ALLL3,RUMO S.A.
31,ALLL4,RUMO S.A.
32,ALPA3,ALPARGATAS
33,ALPA4,ALPARGATAS
34,ALPK3,ESTAPAR
35,ALSC3,ALIANSCE
36,ALSO3,ALIANSCSONAE
37,ALUP11,ALUPAR
38,ALUP3,ALUPAR
39,ALUP4,ALUPAR
40,AMAR3,LOJAS MARISA
41,AMBP3,AMBIPAR
42,AMBV3,AMBEV
43,AMBV4,AMBEV
44,AMER3,AMERICANAS
45,AMIL3,AMIL
46,AMPI3,AMPLA INVEST
47,ANIM3,ANIMA
48,AORE3,ADVANCED-DH
49,APER3,ALPER S.A.
50,APTI4,ALIPERTI
51,ARCE3,BELGO
52,ARCZ3,ARACRUZ CELULOSE SA
53,ARCZ6,ARACRUZ CELULOSE SA
54,ARLA3,ARTHUR LANGE
55,ARLA4,ARTHUR LANGE
56,ARML3,ARMAC
57,ARPS3,DOUAT CIA TEXTIL
58,ARPS4,DOUAT CIA TEXTIL
59,ARTE3,KUALA S.A.
60,ARTE4,KUALA S.A.
61,ARTR3,ARTERIS
62,ARZZ3,AREZZO CO
63,ASAI3,ASSAI
64,ASSM3,HOTEIS ELDORADO
65,ASSM4,HOTEIS ELDORADO
66,ASTA4,SANTISTA TÊXTIL S.A.
67,ATMP3,ATMASA
68,ATOM3,ATOMPAR
69,AURA32,AURA 360
70,AURA33,AURA 360
71,AURE3,AUREN
72,AUTM3,AUTOMETAL
73,AVIL3,ACOS VILLARES
74,AVLL3,ALPHAVILLE
75,AZEV3,AZEVEDO & TRAVASSOS
76,AZEV4,AZEVEDO & TRAVASSOS
77,AZUL4,AZUL
78,B3SA3,B3
79,BAHI11,BAHEMA
80,BAHI3,BAHEMA
81,BAHI4,BAHEMA
82,BAHI5,BAHEMA
83,BALM3,BAUMER
84,BALM4,BAUMER
85,BAUH4,EXCELSIOR
86,BAZA3,BANCO DA AMAZONIA S.A.
87,BBAS3,BANCO DO BRASIL S.A.
88,BBDC3,BANCO BRADESCO S.A.
89,BBDC4,BANCO BRADESCO S.A.
90,BBRK3,NEXPE
91,BBSE3,BBSEGURIDADE
92,BBTG11,BTG PACTUAL UNITS
93,BBTG12,BTG PACTUAL
94,BBTG13,BTG PACTUAL
95,BCAL6,PRO METALURG
96,BDLL3,BAEDELLA
97,BDLL4,BAEDELLA
98,BECE3,BEC
99,BECE4,BEC
100,BEEF3,Minerva
101,BEES3,BANESTES S/A
102,BEES4,BANESTES S/A
103,BELG3,BELGO
104,BELG4,BELGO
105,BEMA3,Bematech
106,BERG3,BERGAMO
107,BESP3,BANESPA
108,BESP4,BANESPA
109,BFIT3,BANCO SUDAMERIS BRASIL SA
110,BFIT4,BANCO SUDAMERIS BRASIL SA
111,BGIP3,BANESE
112,BGIP4,BANESE
113,BHGR3,BHG
114,BICB3,BicBanco
115,BICB4,BicBanco
116,BIDI11,BANCO INTER
117,BIDI3,BANCO INTER
118,BIDI4,BANCO INTER
119,BIOM3,BIOMM SA
120,BIOM4,BIOMM SA
121,BISA3,BROOKFIELD INCORPORACOES
122,BKBR3,BK BRASIL
123,BLAU3,BLAU
124,BLUT3,B TECH EQI
125,BLUT4,B TECH EQI
126,BMEB3,BANCO MERCANTIL DO BRASIL S/A
127,BMEB4,BANCO MERCANTIL DO BRASIL S/A
128,BMEF3,BMF
129,BMGB11,BANCO BMG
130,BMGB4,BANCO BMG
131,BMIN3,BANCO MERCANTIL DE INVESTIMENTOS SA
132,BMIN4,BANCO MERCANTIL DE INVESTIMENTOS SA
133,BMKS3,MONARK
134,BMOB3,BEMOBI TECH
135,BMTO3,BRASMOTOR S.A
136,BMTO4,BRASMOTOR S.A
137,BNBR3,BANCO DO NORDESTE
138,BNBR4,BANCO DO NORDESTE
139,BNCA3,NOSSA CAIXA-NOSSO BANCO
140,BOAS3,BOA VISTA
141,BOBR3,BOMBRIL SA
142,BOBR4,BOMBRIL SA
143,BOVH3,Bovespa Hld
144,BPAC11,BTGP BANCO
145,BPAC3,BTGP BANCO
146,BPAC5,BTGP BANCO
147,BPAN4,BANCO PAN
148,BPAR3,BANPARÁ S.A.
149,BPAT33,Patagonia
150,BPHA3,BRAZIL PHARMA S.A.
151,BPIA3,BEP
152,BPNM3,BANCO PAN
153,BPNM4,BANCO PAN
154,BRAP3,BRADESPAR S/A
155,BRAP4,BRADESPAR S/A
156,BRBI11,BR PARTNERS
157,BRDT3,VIBRA
158,BRFS3,BRF Foods
159,BRGE11,CONSORCIO ALFA
160,BRGE12,CONSORCIO ALFA
161,BRGE3,CONSORCIO ALFA
162,BRGE5,CONSORCIO ALFA
163,BRGE6,CONSORCIO ALFA
164,BRGE7,CONSORCIO ALFA
165,BRGE8,CONSORCIO ALFA
166,BRIN3,ALPER S.A.
167,BRIT3,BRISANET
168,BRIV3,ALFA DE INVESTIMENTO
169,BRIV4,ALFA DE INVESTIMENTO
170,BRKM3,BRASKEM
171,BRKM5,BRASKEM
172,BRKM6,BRASKEM
173,BRML3,BR MALLS PARTICIPAÇÔES S/A
174,BRPR3,BR PROPERTIES
175,BRSR3,BANRISUL S/A
176,BRSR4,BANRISUL S/A
177,BRSR5,BANRISUL S/A
178,BRSR6,BANRISUL S/A
179,BRTP3,BRASIL TELECOM PARTICIPAÇÕES S.A.
180,BRTP4,BRASIL TELECOM PARTICIPAÇÕES S.A.
181,BSCT3,BESC S.A.
182,BSCT5,BESC S.A.
183,BSCT6,BESC S.A.
184,BSEV3,BIOSEV
185,BSGR3,AGF BRASIL SEGUROS
186,BSLI3,BRB
187,BSLI4,BRB
188,BTOW3,AMERICANAS
189,BTTL3,EMBPAR S/A
190,BTTL4,EMBPAR S/A
191,BUET3,BUETTNER S/A - INDUSTRIA E COMERCIO
192,BUET4,BUETTNER S/A - INDUSTRIA E COMERCIO
193,BVMF3,B3
194,CAFE3,CAFE SOLUVEL BRASILIA S/A
195,CAFE4,CAFE SOLUVEL BRASILIA S/A
196,CALI3,CAL S/A
197,CALI4,CAL S/A
198,CAMB3,PENALTY
199,CAMB4,PENALTY
200,CAML3,CAMIL
201,CARD3,CSU CARDSYST
202,CASH3,MELIUZ
203,CASN3,CASAN
204,CBAV3,CBA
205,CBEE3,AMPLA ENERG
206,CBMA3,COBRASMA S/A
207,CBMA4,COBRASMA S/A
208,CCHI3,CHIARELLI
209,CCHI4,CHIARELLI
210,CCIM3,CC DES IMOB
211,CCPR3,SYN PROP TEC
212,CCRO3,COMPANHIA DE CONCESSÕES RODOVIÁRIAS
213,CCTU4,COMPANHIA BRASILEIRA DE CARTUCHOS - CBC
214,CCXC3,CCX CARVAO
215,CEAB3,CEA MODAS
216,CEBR3,CEB - COMPANHIA ENERGÉTICA DE BRASÍLIA
217,CEBR5,CEB - COMPANHIA ENERGÉTICA DE BRASÍLIA
218,CEBR6,CEB - COMPANHIA ENERGÉTICA DE BRASÍLIA
219,CEDO3,CIA. DE FIAÇÃO E TECIDOS CEDRO CACHOEIRA
220,CEDO4,CIA. DE FIAÇÃO E TECIDOS CEDRO CACHOEIRA
221,CEEB3,COELBA
222,CEEB5,COELBA
223,CEED3,CEEE-D
224,CEED4,CEEE-D
225,CEGR3,CEG
226,CELM3,CELM CIA EQUIP. DE LABORATORIOS MODERNOS
227,CELP5,EQTL PARA
228,CELP7,EQTL PARA
229,CEPE3,CELPE
230,CEPE5,CELPE
231,CEPE6,CELPE
232,CESP3,CESP CIA ENERGETICA SAO PAULO
233,CESP4,CESP CIA ENERGETICA SAO PAULO
234,CESP5,CESP CIA ENERGETICA SAO PAULO
235,CESP6,CESP CIA ENERGETICA SAO PAULO
236,CFLU4,COCA COLA
237,CGAS3,COMPANHIA DE GÁS DE SÃO PAULO - COMGÁS
238,CGAS5,COMPANHIA DE GÁS DE SÃO PAULO - COMGÁS
239,CGOS3,CELG
240,CGOS4,CELG
241,CGRA3,GRAZZIOTIN
242,CGRA4,GRAZZIOTIN
243,CIEL3,CIELO
244,CIQU3,CACIQUE
245,CIQU4,CACIQUE
246,CLAN3,CLARION
247,CLAN4,CLARION
248,CLSA3,CLEARSALE
249,CLSC3,CELESC
250,CLSC4,CELESC
251,CLSC5,CELESC
252,CLSC6,CELESC
253,CMET4,CAEMI
254,CMIG3,CEMIG
255,CMIG4,CEMIG
256,CMIN3,CSNMINERACAO
257,CMMA4,CMA PARTICIPACOES SA
258,CNFB4,CONFAB
259,CNTO3,GRUPO SBF
260,COCE3,CIA ENERG CEARA - COELCE
261,COCE5,CIA ENERG CEARA - COELCE
262,COCE6,CIA ENERG CEARA - COELCE
263,COGN3,COGNA
264,CORR3,CORREA RIBEIRO SA COM. IND.
265,CORR4,CORREA RIBEIRO SA COM. IND.
266,CPFE3,CPFL ENERGIA S.A.
267,CPFG3,CPFL GERAÇÂO DE ENERGIA S/A
268,CPFG4,CPFL GERAÇÂO DE ENERGIA S/A
269,CPFP4,CPFL - PIRATININGA
270,CPLE11,COPEL
271,CPLE3,COPEL
272,CPLE5,COPEL
273,CPLE6,COPEL
274,CPNY3,COMPANY S/A
275,CPRE3,CPFL RENOVAV
276,CPSL3,COPESUL
277,CRBM3,CARAÍBA METAIS S.A
278,CRBM7,CARAÍBA METAIS S.A
279,CRDE3,CR2
280,CREM3,CREMER S.A.
281,CREM4,CREMER S.A.
282,CRFB3,CARREFOUR BR
283,CRIV3,ALFA FINANCEIRA
284,CRIV4,ALFA FINANCEIRA
285,CRPG3,CRISTAL
286,CRPG5,CRISTAL
287,CRPG6,CRISTAL
288,CRTP3,CELULAR CRT PARTICIPAÇÕES S/A
289,CRTP5,CELULAR CRT PARTICIPAÇÕES S/A
290,CRUZ3,SOUZA CRUZ
291,CSAB3,COMPANHIA DE SEGUROS ALIANÇA DA BAHIA
292,CSAB4,COMPANHIA DE SEGUROS ALIANÇA DA BAHIA
293,CSAN3,COSAN SA INDUSTRIA E COMERCIO
294,CSED3,CRUZEIRO EDU
295,CSMG3,COPASA MG
296,CSNA3,CSN
297,CSPC3,COSIPA
298,CSPC4,COSIPA
299,CSRN3,COSERN
300,CSRN5,COSERN
301,CSRN6,COSERN
302,CSTB3,COMPANHIA SIDERÚRGICA DE TUBARÃO
303,CSTB4,COMPANHIA SIDERÚRGICA DE TUBARÃO
304,CTIP3,CETIP
305,CTKA3,KARSTEN
306,CTKA4,KARSTEN
307,CTNM3,COTEMINAS
308,CTNM4,COTEMINAS
309,CTPC3,CTM CITRUS SA
310,CTPC4,CTM CITRUS SA
311,CTSA3,SANTANENSE
312,CTSA4,SANTANENSE
313,CTSA8,SANTANENSE
314,CTWR3,BLUE TREE HOTELS
315,CURY3,CURY S/A
316,CVCB3,CVC BRASIL
317,CXSE3,CAIXA SEGURI
318,CYRE3,CYRELA BRAZIL REALTY
319,CYRE4,CYRELA BRAZIL REALTY
320,CZLT33,Cosan Ltd
321,CZRS3,Cruzeiro Sul
322,CZRS4,Cruzeiro Sul
323,DAGB33,DUFRY AG
324,DASA3,DIAGNOSTICOS DA AMERICA SA
325,DAYC3,Daycoval
326,DAYC4,Daycoval
327,DESK3,DESKTOPSIGMA
328,DEXP3,DEXXOS PAR
329,DEXP4,DEXXOS PAR
330,DFVA3,D F VASCONCELLOS S/A O.M.A.P.
331,DFVA4,D F VASCONCELLOS S/A O.M.A.P.
332,DHBI3,DHB
333,DHBI4,DHB
334,DIRR3,Direcional Engenharia
335,DJON4,DIJON S/A
336,DMMO3,DOMMO
337,DMVF3,D1000VFARMA
338,DOCA3,DOCAS S.A.
339,DOCA4,DOCAS S.A.
340,DOHL3,DOHLER
341,DOHL4,DOHLER
342,DOTZ3,DOTZ SA
343,DPPI3,IPIRANGA DISTRIBUIDORA
344,DPPI4,IPIRANGA DISTRIBUIDORA
345,DSUL3,DATASUL
346,DTCY3,DTCOM
347,DTEX3,DEXCO
348,DUFB11,DUFRY SOUTH AMERICA LTD.
349,DUQE3,METALURGICA DUQUE SA
350,DUQE4,METALURGICA DUQUE SA
351,DURA3,DURATEX
352,DURA4,DURATEX
353,DXCO3,DEXCO
354,DXTG4,DIXIE TOGA
355,EALT3,ELECTRO AÇO ALTONA S/A
356,EALT4,ELECTRO AÇO ALTONA S/A
357,EBCO3,EMBRACO
358,EBCO4,EMBRACO
359,EBEN4,BANDEIRANTE
360,EBTP3,EMBRATEL PARTICIPAÇÕES SA
361,EBTP4,EMBRATEL PARTICIPAÇÕES SA
362,ECIS3,ECISA
363,ECIS4,ECISA
364,ECOR3,ECORODOVIAS
365,ECPR3,ENCORPAR
366,ECPR4,ENCORPAR
367,EEEL3,CEEE
368,EEEL4,CEEE
369,EGIE3, ENGIE BRASIL
370,EKTR3,ELEKTRO ELETRICIDADE E SERVIÇOS S.A.
371,EKTR4,ELEKTRO ELETRICIDADE E SERVIÇOS S.A.
372,ELCA3,REDE EMPRESAS DE ENERGIA ELÉTRICA S.A.
373,ELCA4,REDE EMPRESAS DE ENERGIA ELÉTRICA S.A.
374,ELEK3,ELEKEIROZ S/A
375,ELEK4,ELEKEIROZ S/A
376,ELET3,ELETROBRÁS
377,ELET5,ELETROBRÁS
378,ELET6,ELETROBRÁS
379,ELEV3, ELEVA 
380,ELMD3,ELETROMIDIA
381,ELPL3,AES ELETROPAULO
382,ELPL4,AES ELETROPAULO
383,ELPL5,AES ELETROPAULO
384,ELPL6,AES ELETROPAULO
385,ELUM3,ELUMA
386,ELUM4,ELUMA
387,EMAE4,EMAE
388,EMBR3,EMBRAER
389,ENAT3,ENAUTA PART
390,ENBR3,EDP ENERGIAS DO BRASIL S/A
391,ENER3,ENERSUL
392,ENER5,ENERSUL
393,ENER6,ENERSUL
394,ENEV3,ENEVA
395,ENGI11,ENERGISA
396,ENGI3,ENERGISA
397,ENGI4,ENERGISA
398,ENJU3,ENJOEI
399,ENMT3,ENERGISA MT
400,ENMT4,ENERGISA MT
401,EPAR3,EMBPAR S/A
402,EPAR4,EMBPAR S/A
403,EQMA3B,CEMAR
404,EQMA5B,CEMAR
405,EQMA6B,CEMAR
406,EQPA3,EQTL PARA
407,EQPA5,EQTL PARA
408,EQPA6,EQTL PARA
409,EQPA7,EQTL PARA
410,EQTL3,EQUATORIAL ENERGIA S.A.
411,ESCE3,ESCELSA
412,ESPA3,ESPACOLASER
413,ESTC11,YDUQS PART
414,ESTC3,YDUQS PART
415,ESTC4,YDUQS PART
416,ESTR3,ESTRELA
417,ESTR4,ESTRELA
418,ETER3,ETERNIT
419,ETER4,ETERNIT
420,EUCA3,EUCATEX
421,EUCA4,EUCATEX
422,EVEN3,Even
423,EZTC3,EZTec
424,FBMC3,FIBAM
425,FBMC4,FIBAM
426,FBRA4,FERTIBRÁS S/A
427,FCAP3,FICAP
428,FCAP4,FICAP
429,FESA3,FERBASA
430,FESA4,FERBASA
431,FFTL3,FOSFERTIL
432,FFTL4,FOSFERTIL
433,FGUI3,FERREIRA GUIMARAES
434,FGUI4,FERREIRA GUIMARAES
435,FHER3,Fer Heringer
436,FIBR3,Fibria
437,FIGE3,INVESTIMENTOS BEMGE
438,FIGE4,INVESTIMENTOS BEMGE
439,FIQE3,UNIFIQUE
440,FJTA3,TAURUS ARMAS
441,FJTA4,TAURUS ARMAS
442,FLCL3,CATAG LEOPOLDINA
443,FLCL5,CATAG LEOPOLDINA
444,FLCL6,CATAG LEOPOLDINA
445,FLRY3,FLEURY
446,FNCN3,FINANSINOS S/A CFI
447,FRAS3,FRAS-LE S.A.
448,FRAS4,FRAS-LE S.A.
449,FRIO3,Metalfrio
450,FRTA3,POMIFRUTAS
451,FTRX3,FAB TECIDOS C RENAUX
452,FTRX4,FAB TECIDOS C RENAUX
453,GAFP3,CIMOB
454,GAFP4,CIMOB
455,GALO3,EMEEGE ESCAPAMENTOS
456,GALO4,EMEEGE ESCAPAMENTOS
457,GAZO3,GAZOLA SA INDÚSTRIA METALURGICA
458,GAZO4,GAZOLA SA INDÚSTRIA METALURGICA
459,GBIO33,BIOTOSCANA
460,GEPA3,"DUKE ENERGY INT,GERAÇÃO PARANAPANEMA SA"
461,GEPA4,"DUKE ENERGY INT,GERAÇÃO PARANAPANEMA SA"
462,GETI3,AES TIETE SA
463,GETI4,AES TIETE SA
464,GETT3,GETNET BR
465,GETT4,GETNET BR
466,GFSA3,GAFISA
467,GGBR3,GERDAU S.A.
468,GGBR4,GERDAU S.A.
469,GGPS3,GPS
470,GLOB4,VIA
471,GMAT3,GRUPO MATEUS
472,GNDI3,INTERMEDICA
473,GOAU3,METALÚRGICA GERDAU
474,GOAU4,METALÚRGICA GERDAU
475,GOLL4,GOL LINHAS AEREAS INTELIGENTES SA
476,GPAR3,CELGPAR
477,GPCP3,DEXXOS PAR
478,GPIV33,"GP INVESTMENTS, LTD"
479,GRND3,GRENDENE SA
480,GRNL4,GRANÓLEO S/A
481,GSHP3,Generalshopp
482,GUAR3,GUARARAPES CONFECÇÕES
483,GUAR4,GUARARAPES CONFECÇÕES
484,GVTT3,GVT HOLDING
485,HAGA3,HAGA
486,HAGA4,HAGA
487,HAPV3,HAPVIDA
488,HBOR3,Helbor
489,HBRE3,HBR REALTY
490,HBSA3,HIDROVIAS
491,HBTS5,CIA HABITASUL
492,HETA3,HERCULES S/A
493,HETA4,HERCULES S/A
494,HGTX3,CIA HERING
495,HGTX4,CIA HERING
496,HOOT4,HOTEIS OTHON S.A.
497,HRTP3,PETRORIO
498,HYPE3,HYPERA
499,ICPI3,CIMENTO ITAU CORUMBA
500,IDNT3,PADTEC
501,IDVL11,Indusval
502,IDVL3,Indusval
503,IDVL4,Indusval
504,IENG3,INEPAR ENERGIA
505,IENG5,INEPAR ENERGIA
506,IFCM3,INFRACOMM
507,IGBR3,GRADIENTE
508,IGBR5,GRADIENTE
509,IGBR6,GRADIENTE
510,IGTA3,IGUATEMI
511,IGTI11,IGUATEMI S.A
512,IGTI3,IGUATEMI S.A
513,IGUA3,CIA. IGUAÇU DE CAFÉ SOLÚVEL
514,IGUA5,CIA. IGUAÇU DE CAFÉ SOLÚVEL
515,IGUA6,CIA. IGUAÇU DE CAFÉ SOLÚVEL
516,ILLS4,LINHAS CIRCULO
517,ILMD3,YARA BRASIL FERTILIZANTES S.A.
518,ILMD4,YARA BRASIL FERTILIZANTES S.A.
519,IMBI3,COMPANHIA DOCAS DE IMBITUBA
520,IMBI4,COMPANHIA DOCAS DE IMBITUBA
521,IMCH3,IMC HOLDINGS
522,INEP3,INEPAR S/A
523,INEP4,INEPAR S/A
524,INET3,ATOMPAR
525,INHA3,GAFISA
526,INTB3,INTELBRAS
527,IRBR3,IRBBRASIL RE
528,ITEC3,ITAUTEC PHILCO SA - GRUPO ITAUTEC PHILCO
529,ITSA3,ITAÚSA
530,ITSA4,ITAÚSA
531,ITUB3,ITAUUNIBANCO
532,ITUB4,ITAUUNIBANCO
533,IVTT3,BHG
534,JALL3,JALLESMACHAD
535,JBDU3,B TECH EQI
536,JBDU4,B TECH EQI
537,JBSS3,JBS
538,JFAB4,JARAGUA FABRIL
539,JFEN3,JOÃO FORTES ENGENHARIA S.A.
540,JHSF3,JHSF Part
541,JOPA3,JOSAPAR S/A
542,JOPA4,JOSAPAR S/A
543,JPSA3,IGUATEMI S.A
544,JSLG3,JULIO SIMOES
545,KEPL3,KEPLER WEBER SA
546,KLBN11,KLABIN
547,KLBN3,KLABIN
548,KLBN4,KLABIN
549,KROT11,COGNA
550,KROT3,COGNA
551,KROT4,COGNA
552,KRSA3,KORA SAUDE
553,KSSA3,KLABINSEGALL
554,LAME3,LOJAS AMERICANAS S.A.
555,LAME4,LOJAS AMERICANAS S.A.
556,LAND3,TERRASANTAPA
557,LATM11,LATAM AIRLN
558,LATS3,REXAM BEVERAGE CAN SOUTH AMERICA
559,LAVV3,LAVVI
560,LCAM3,LOCAMERICA
561,LCSA3,NÃO CONSTA
562,LCSA4,NÃO CONSTA
563,LECO3,LECO
564,LECO4,LECO
565,LETO3,MITTO
566,LETO5,MITTO
567,LEVE3,MAHLE METAL LEVE
568,LEVE4,MAHLE METAL LEVE
569,LFFE3,LA FONTE TELECOM S/A
570,LFFE4,LA FONTE TELECOM S/A
571,LGLO4,LIVRARIA DO GLOBO S/A
572,LIGH3,LIGHT
573,LIGT3,LIGHT SA
574,LINX3,LINX
575,LIPR3,LIGHTPAR
576,LIXC3,LIX DA CUNHA
577,LIXC4,LIX DA CUNHA
578,LJQQ3,QUERO-QUERO
579,LLIS3,LE LIS BLANC DEUX
580,LOGG3,LOG COM PROP
581,LOGN3,Log-In
582,LPSB3,LOPES BRASIL
583,LREN3,RENNER
584,LREN4,RENNER
585,LUPA3,LUPATECH
586,LUXM3,TREVISA INVESTIMENTOS SA
587,LUXM4,TREVISA INVESTIMENTOS SA
588,LVTC3,WDC NETWORKS
589,LWSA3,LOCAWEB
590,MAGG3,MAGNESITA REFRATÁRIOS
591,MAGS3,MAGNESITA S/A
592,MAPT3,CIA MARCOPOLO
593,MAPT4,CIA MARCOPOLO
594,MARI3,Marisa
595,MATD3,MATER DEI
596,MBLY3,MOBLY
597,MDIA3,M.DIASBRANCO
598,MDNE3,MOURA DUBEUX
599,MEAL3,IMC S/A
600,MEDI3,MEDIAL SAUDE
601,MEGA3,OMEGAENERGIA
602,MELK3,MELNICK
603,MEND5,MENDES JUNIOR ENGENHARIA S/A
604,MEND6,MENDES JUNIOR ENGENHARIA S/A
605,MERC3,MERCANTIL BRASIL
606,MERC4,MERCANTIL BRASIL
607,MGEL3,MANGELS
608,MGEL4,MANGELS
609,MGLU3,MAGAZ LUIZA
610,MILK33,Laep DR3
611,MILS3,MILLS
612,MLAS3,MULTILASER
613,MLFT3,IGUATEMI S.A
614,MLFT4,IGUATEMI S.A
615,MLPA12,MELHORAMENTOS PAPEIS
616,MLPA3,MELHORAMENTOS PAPEIS
617,MLPA4,MELHORAMENTOS PAPEIS
618,MMAQ3,MINASMÁQUINAS S/A
619,MMAQ4,MINASMÁQUINAS S/A
620,MMXM3,MMX MINER
621,MNDL3,MUNDIAL S/A
622,MNDL4,MUNDIAL S/A
623,MNPR3,MINUPAR
624,MNPR4,MINUPAR
625,MNSA3,MANASA
626,MNSA4,MANASA
627,MOAR3,MONTEIRO ARANHA
628,MODL11,MODALMAIS
629,MODL3,MODALMAIS
630,MODL4,MODALMAIS
631,MOSI3,MOSAICO SA
632,MOVI3 ,MOVIDA
633,MPLU3,MULTIPLUS
634,MRFG3,Marfrig
635,MRSA3B,MRS LOGÍSTICA S/A
636,MRSA5B,MRS LOGÍSTICA S/A
637,MRSA6B,MRS LOGÍSTICA S/A
638,MRSL3,MARISOL
639,MRSL4,MARISOL
640,MRVE3,MRV
641,MSAN3,BUNGE BRASIL S.A.
642,MSAN4,BUNGE BRASIL S.A.
643,MSPA3,MELHORAMENTOS
644,MSPA4,MELHORAMENTOS
645,MTBR3,WHIRLPOOL S.A.
646,MTBR4,WHIRLPOOL S.A.
647,MTIG3,IGUAÇU
648,MTIG4,IGUAÇU
649,MTRE3,MITRE REALTY
650,MTSA4,METISA
651,MULT3,Multiplan
652,MWET3,WETZEL S.A.
653,MWET4,WETZEL S.A.
654,MYPK3,IOCHPE-MAXION
655,MYPK4,IOCHPE-MAXION
656,NAFG3,NADIR FIGUEIREDO
657,NAFG4,NADIR FIGUEIREDO
658,NATU3,NATURA COSMETICOS SA
659,NEOE3,NEOENERGIA
660,NETC3,NET SERVIÇOS DE COMUNICAÇÃO S.A.
661,NETC4,NET SERVIÇOS DE COMUNICAÇÃO S.A.
662,NEXP3,NEXPE
663,NGRD3,NEOGRID
664,NINJ3,GETNINJAS
665,NORD3,NORDON INDS METALURGICAS SA
666,NTCO3,GRUPO NATURA
667,NUTR3,NUTRIPLANT
668,ODER3,CONSERVAS ODERICH SA
669,ODER4,CONSERVAS ODERICH SA
670,ODPV3,ODONTOPREV
671,OFSA3,OUROFINO S/A
672,OGXP3,OGX
673,OIBR3,OI
674,OIBR4,OI
675,OMGE3,OMEGA GER
676,ONCO3,ONCOCLINICAS
677,OPCT3,OCEANPACT
678,ORVR3,ORIZON
679,OSAO4,PLASCAR PARTICIPAÇÕES INDUSTRIAIS S.A
680,OSXB3,OSX BRASIL
681,PALF11,CPFL
682,PALF3,CPFL
683,PALF5,CPFL
684,PARC3,WIZ S.A.
685,PARD3,IHPARDINI
686,PATI3,PANATLANTICA
687,PATI4,PANATLANTICA
688,PCAR3,PÃO DE AÇÚCAR
689,PCAR4,PÃO DE AÇÚCAR
690,PCAR5,PÃO DE AÇÚCAR
691,PDGR3,PDG REALT
692,PDTC3,PADTEC
693,PEAB3,CIA. DE PARTICIPAÇÕES ALIANÇA DA BAHIA
694,PEAB4,CIA. DE PARTICIPAÇÕES ALIANÇA DA BAHIA
695,PEFX3,PETROFLEX INDÚSTRIA E COMÉRCIO S.A
696,PEFX5,PETROFLEX INDÚSTRIA E COMÉRCIO S.A
697,PETR3,PETROBRAS
698,PETR4,PETROBRAS
699,PETZ3,PETZ
700,PFRM3,PROFARMA
701,PGMN3,PAGUE MENOS
702,PINE3,Pine
703,PINE4,Pine
704,PITI4,"AV. DR CHUCRI ZAIDAN, 920 - 16§ ANDAR"
705,PLAS3,PLASCAR PARTICIPAÇÕES INDUSTRIAIS S.A
706,PLDN4,POLIALDEN
707,PLIM4,NET SERVIÇOS DE COMUNICAÇÃO S.A.
708,PLPL3,PLANOEPLANO
709,PLTO5,POLITENO IND E COMERCIO S.A.
710,PLTO6,POLITENO IND E COMERCIO S.A.
711,PMAM3,PARANAPANEMA S.A.
712,PMAM4,PARANAPANEMA S.A.
713,PMET3,PRO METALURG
714,PMET5,PRO METALURG
715,PMET6,PRO METALURG
716,PNOR5,PRONOR
717,PNOR6,PRONOR
718,PNVL3,PANVEL FARMÁCIAS
719,PNVL4,PANVEL FARMÁCIAS
720,POMO3,MARCOPOLO
721,POMO4,MARCOPOLO
722,POPR4,POLIPROPILENO S.A.
723,PORP4,POLIPROPILENO PARTICIPAÇÕES S.A.
724,PORT3,WILSON SONS
725,POSI3,POSITIVO INF
726,POWE3,FOCUS ON
727,PQUN3,PETROQUIMICA UNIAO S.A.
728,PQUN4,PETROQUIMICA UNIAO S.A.
729,PRBC3,Parana
730,PRBC4,Parana
731,PRGA4,BRF Foods
732,PRIO3,PETRORIO
733,PRML3,PRUMO
734,PRNR3,PRINER
735,PRTX3,PORTX
736,PRVI3,Providencia
737,PSSA3,PORTO SEGURO SA
738,PTBL3,PORTOBELLO S/A
739,PTBL4,PORTOBELLO S/A
740,PTIP3,IPIRANGA PETROQUIMICA SA
741,PTIP4,IPIRANGA PETROQUIMICA SA
742,PTNT3,PETTENATI
743,PTNT4,PETTENATI
744,PTPA3,PETROPAR SA
745,PTPA4,PETROPAR SA
746,PTQS4,PETROQUISA
747,QGEP3,ENAUTA PART
748,QUAL3,QUALICORP
749,RADL3,RAIADROGASIL
750,RAIA3,RAIA
751,RAIL3,RUMO S.A.
752,RAIZ4,RAIZEN
753,RANI3,CELULOSE IRANI
754,RANI4,CELULOSE IRANI
755,RAPT3,RANDON S.A. IMPLEMENTOS E PARTICIPAÇÕES
756,RAPT4,RANDON S.A. IMPLEMENTOS E PARTICIPAÇÕES
757,RCSL3,RECRUSUL
758,RCSL4,RECRUSUL
759,RCTB31,TELEBRAS
760,RCTB33,TELEBRAS
761,RCTB41,TELEBRAS
762,RCTB42,TELEBRAS
763,RDCD3,Redecard
764,RDNI3,RNI
765,RDOR3,REDE D OR
766,RDTR3,REDENTOR
767,RECV3,PETRORECONCA
768,REDE3,REDE EMPRESAS DE ENERGIA ELÉTRICA S.A.
769,REDE4,REDE EMPRESAS DE ENERGIA ELÉTRICA S.A.
770,REEM4,RHEEM EMPRS
771,RENT3,LOCALIZA RENT A CAR
772,REPA3,ELECTROLUX
773,REPA4,ELECTROLUX
774,RGEG3,RGE - RIO GRANDE ENERGIA
775,RHDS3,M G POLIEST
776,RHDS4,M G POLIEST
777,RIPI3,REFINARIA DE PETRÓLEO IPIRANGA SA
778,RIPI4,REFINARIA DE PETRÓLEO IPIRANGA SA
779,RJCP3,RJCP EQUITY
780,RLOG3,COSAN LOG
781,RNAR3,POMIFRUTAS
782,RNEW11,RENOVA
783,RNEW3,RENOVA
784,RNEW4,RENOVA
785,RNPT3,RENNER PARTICIPAÇÕES S/A
786,RNPT4,RENNER PARTICIPAÇÕES S/A
787,ROMI3,ROMI
788,ROMI4,ROMI
789,RPAD3,ALFA HOLDINGS
790,RPAD5,ALFA HOLDINGS
791,RPAD6,ALFA HOLDINGS
792,RPMG3,REFINARIA DE PETRÓLEOS DE MANGUINHOS S.A
793,RPMG4,REFINARIA DE PETRÓLEOS DE MANGUINHOS S.A
794,RPSA4,RIPASA
795,RRRP3,3R PETROLEUM
796,RSID3,ROSSI RESIDENCIAL
797,RSIP3,RASIP AGRO PASTORIL
798,RSIP4,RASIP AGRO PASTORIL
799,RSUL4,METALURGICA RIOSULENSE S/A
800,RUMO3,RUMO LOG
801,SALM3,SEARA ALIMENTOS
802,SALM4,SEARA ALIMENTOS
803,SANB11,SANTANDER
804,SANB3,SANTANDER
805,SANB4,SANTANDER
806,SAPR11,SANEPAR
807,SAPR3,SANEPAR
808,SAPR4,SANEPAR
809,SASG3,SUL AMERICA SEGUROS
810,SBFG3,GRUPO SBF
811,SBSP3,SABESP
812,SCAR3,SÃO CARLOS EMPREEND.E PARTICIPAÇÕES S.A.
813,SCAR4,SÃO CARLOS EMPREEND.E PARTICIPAÇÕES S.A.
814,SCLO3,SCHLOSSER TECIDOS
815,SCLO4,SCHLOSSER TECIDOS
816,SDIA3,SADIA
817,SDIA4,SADIA
818,SEBB11,SEB - SISTEMA EDUCACIONAL BRASILEIRO S/A
819,SEBB3,SEB - SISTEMA EDUCACIONAL BRASILEIRO S/A
820,SEBB4,SEB - SISTEMA EDUCACIONAL BRASILEIRO S/A
821,SEDU3,SOMOS EDUCA
822,SEER3,SER EDUCA
823,SEMP3,SEMP TOSHIBA
824,SEQL3,SEQUOIA LOG
825,SFSA3,Sofisa
826,SFSA4,Sofisa
827,SGAS3,WLM
828,SGAS4,WLM
829,SGEN3,SERGEN
830,SGEN4,SERGEN
831,SGPS3,Springs
832,SHOW3,TIME FOR FUN
833,SHUL4,SCHULZ
834,SIMH3,SIMPAR
835,SJOS3,SÃO JOSÉ
836,SJOS4,SÃO JOSÉ
837,SLCE3,SLC Agricola
838,SLCP3,SULACAP
839,SLED3,EDITORA SARAIVA
840,SLED4,EDITORA SARAIVA
841,SMFT3,SMART FIT
842,SMLE3,SMILES
843,SMLS3,SMILES
844,SMTO3,SAO MARTINHO
845,SNSL3,SINQIA
846,SNSY5,SANSUY S.A. INDÚSTRIA DE PLÁSTICOS
847,SOJA3,BOA SAFRA
848,SOMA3,GRUPO SOMA
849,SOND3,SONDOTECNICA S/A.
850,SOND5,SONDOTECNICA S/A.
851,SOND6,SONDOTECNICA S/A.
852,SPRI3,SPRINGER
853,SPRI5,SPRINGER
854,SPRI6,SPRINGER
855,SQIA3,SINQIA
856,SSBR3,ALIANSCSONAE
857,STBP11,SBPAR
858,STBP3,SBPAR
859,STLB3,ADVANCED-DH
860,STRP4,STAROUP
861,SUBA3,
862,SULA11,Sul America
863,SULA3,Sul America
864,SULA4,Sul America
865,SULT3,CONSTRUTORA SULTEPA S/A
866,SULT4,CONSTRUTORA SULTEPA S/A
867,SUZA4,SUZANO HOLDING S.A.
868,SUZB3,Suzano Papel
869,SUZB5,Suzano Papel
870,SUZB6,Suzano Papel
871,SWET3,ADVANCED-DH
872,SYNE3,SYN PROP TEC
873,SZPQ4,SUZANO PETROQUIMICA S.A.
874,TAEE11,TAESA
875,TAEE3,TAESA
876,TAEE4,TAESA
877,TAMM3,TAM
878,TAMM4,TAM
879,TANC4,TAM
880,TARP11,TARPON
881,TASA3,TAURUS ARMAS
882,TASA4,TAURUS ARMAS
883,TBLE3, ENGIE BRASIL
884,TBLE5, ENGIE BRASIL
885,TBLE6, ENGIE BRASIL
886,TCNO3,TECNOSOLO S/A
887,TCNO4,TECNOSOLO S/A
888,TCOC3,TELE CENTRO OESTE CELULAR PARTICIP. S/A
889,TCOC4,TELE CENTRO OESTE CELULAR PARTICIP. S/A
890,TCSA3,TECNISA
891,TCSL4,TIM PARTICIPAÇÕES S.A.
892,TDBH3,TELEFÔNICA EMPRESAS S.A
893,TDBH4,TELEFÔNICA EMPRESAS S.A
894,TECN3,TECHNOS
895,TEFC11,TELEFÓNICA
896,TEKA3,TEKA S.A.
897,TEKA4,TEKA S.A.
898,TELB3,TELEBRAS
899,TELB4,TELEBRAS
900,TEMP3,TEMPO PART
901,TEND3,Tenda
902,TENE5,TECBLU
903,TENE7,TECBLU
904,TERI3,TEREOS
905,TESA3,TERRA SANTA
906,TFCO4,TRACK FIELD
907,TGMA3,Tegma
908,TIBR3,CRISTAL
909,TIBR5,CRISTAL
910,TIBR6,CRISTAL
911,TIET11,AES TIETE E
912,TIET3,AES TIETE E
913,TIET4,AES TIETE E
914,TIMP3,TIM PARTICIPAÇÕES S.A.
915,TIMS3,TIM
916,TKNO4,TEKNO
917,TLCP3,TELE LESTE CELULAR PARTICIPAÇÕES SA
918,TLCP4,TELE LESTE CELULAR PARTICIPAÇÕES SA
919,TMAR3,TELEMAR
920,TMAR5,TELEMAR
921,TMAR6,TELEMAR
922,TMCP3,TELEMIG CELULAR PARTICIPAÇÕES S.A.
923,TMCP4,TELEMIG CELULAR PARTICIPAÇÕES S.A.
924,TMGC11,TELEMIG CELULAR
925,TMGC12,TELEMIG CELULAR
926,TMGC13,TELEMIG CELULAR
927,TMGC3,TELEMIG CELULAR
928,TMGC7,TELEMIG CELULAR
929,TNCP3,AMAZÔNIA CELULAR
930,TNCP4,AMAZÔNIA CELULAR
931,TNEP3,TELE NORDESTE CELULAR PARTICIPAÇÕES S.A.
932,TNEP4,TELE NORDESTE CELULAR PARTICIPAÇÕES S.A.
933,TNLP3,TELEMAR
934,TNLP4,TELEMAR
935,TOTS3,TOTVS
936,TOYB3,TEC TOY
937,TOYB4,TEC TOY
938,TPIS3,TRIUNFO PARTICIPACOES SA
939,TPRC3,TIM PARTICIPAÇÕES S.A.
940,TPRC6,TIM PARTICIPAÇÕES S.A.
941,TRAD3,TC
942,TRFO3,TRAFO
943,TRFO4,TRAFO
944,TRIS3,Trisul
945,TROR3,TRORION
946,TROR4,TRORION
947,TRPL3,TRANSMISSÃO PAULISTA
948,TRPL4,TRANSMISSÃO PAULISTA
949,TRPN3,TARPON INV
950,TSEP3,TELE SUDESTE CELULAR PART SA
951,TSEP4,TELE SUDESTE CELULAR PART SA
952,TSPP3,VIVO PARTICIPAÇÕES
953,TSPP4,VIVO PARTICIPAÇÕES
954,TTEN3,3TENTOS
955,TUPY3,TUPY
956,TUPY4,TUPY
957,TVIT3,TIVIT
958,TXRX3,RENAUX
959,TXRX4,RENAUX
960,UBBR11,UNIBANCO SA
961,UBBR3,UNIBANCO SA
962,UBBR4,UNIBANCO SA
963,UCAS3,UNICASA
964,UCOP4,USINA COSTA PINTO S/A AÇÚCAR E ÁLCOOL
965,UGPA3,ULTRAPAR PARTICIPAÇÕES SA
966,UGPA4,ULTRAPAR PARTICIPAÇÕES SA
967,UNIP3,UNIPAR PARTICIPAÇÕES S.A.
968,UNIP5,UNIPAR PARTICIPAÇÕES S.A.
969,UNIP6,UNIPAR PARTICIPAÇÕES S.A.
970,UOLL4,UOL
971,USIM3,USIMINAS
972,USIM5,USIMINAS
973,USIM6,USIMINAS
974,VAGR3,TERRA SANTA
975,VAGV3,SAVIRG
976,VAGV4,SAVIRG
977,VALE3,VALE
978,VALE5,VALE
979,VAMO3,VAMOS
980,VBBR3,VIBRA
981,VCPA4,Fibria
982,VGOR3,VIGOR
983,VGOR4,VIGOR
984,VIGR3,VIGOR FOOD
985,VIIA3,VIA
986,VINE3,VICUNHA TEXTIL SA
987,VINE5,VICUNHA TEXTIL SA
988,VITT3,VITTIA
989,VIVA3,VIVARA S.A.
990,VIVO3,VIVO PARTICIPAÇÕES
991,VIVO4,VIVO PARTICIPAÇÕES
992,VIVR3,VIVER
993,VIVT3,TELEF BRASIL
994,VIVT4,TELEF BRASIL
995,VLID3,VALID
996,VNET3,CIELO
997,VPSC3,VPSC
998,VPSC4,VPSC
999,VPTA3,VPTA
1000,VPTA4,VPTA
1001,VSPT3,FERROVIA CENTRO-ATLÂNTICA S.A.
1002,VSPT4,FERROVIA CENTRO-ATLÂNTICA S.A.
1003,VTLM3,ADVANCED-DH
1004,VULC3,VULCABRAS S/A.
1005,VULC4,VULCABRAS S/A.
1006,VVAR11,VIA
1007,VVAR3,VIA
1008,VVAR4,VIA
1009,VVAX3,VIVAX SA
1010,VVAX4,VIVAX SA
1011,VVEO3,VIVEO
1012,WEGE3,WEG SA
1013,WEGE4,WEG SA
1014,WEST3,WESTWING
1015,WHRL3,WHIRLPOOL S.A.
1016,WHRL4,WHIRLPOOL S.A.
1017,WISA3,WIEST SA
1018,WISA4,WIEST SA
1019,WIZS3,WIZ S.A.
1020,WLMM3,WLM
1021,WLMM4,WLM
1022,WMBY3,WEMBLEY SOCIEDADE ANÔNIMA
1023,WSON33,Wilson Sons
1024,YDUQ3,YDUQS PART
